Code,Name,Description,,,,,
1422,NCHG,Application Processing For Fees,,,,,
2048,NCHG,Service Charges Debit,,,,,
2200,NCHG,ATM. Fee Mnemonic,,,,,
2400,NCHG,service charge transfer-In,,,,,
2512,NCHG,Service Charge Capitalization,,,,,
2614,NCHG,TBS. Fee Mnemonic,,,,,
2621,NCHG,Fax Fee online posting,,,,,
2627,NCHG,Miscellaneous Customer Credit - Fee Levy,,,,,
2650,NCHG,POS. Fee Mnemonic,,,,,
2651,NCHG,POS. Discount Fee Mnemonic,,,,,
2805,NCHG,Trust Loan Repayment/Fee Accrual Debit,,,,,
2806,NCHG,Trust Loan Repayment/Fee Accrual Credit,,,,,
2807,NCHG,Trust Fee Receipt Debit,,,,,
2808,NCHG,Trust Fee Receipt Credit,,,,,
2914,NCHG,IB. Fee Mnemonic,,,,,
3040,NCHG,LN. Interest Charged Debit,,,,,
3048,NCHG,Reverse Service Charges Debit,,,,,
3050,NCHG,LN. Penalty Interest Charged Debit,,,,,
3052,NCHG,Biaya asuransi/Insurance Bill,,,,,
3053,NCHG,CASA. Outgoing Billing,,,,,
3054,NCHG,Biaya notaris/Legal Fees Bill,,,,,
3080,NCHG,LN. Fee/SC. Debit,,,,,
3085,NCHG,Fees Arrear Appropriation,,,,,
3086,NCHG,Susp Fees Arrear Appropriation,,,,,
3090,NCHG,LN. Interest Charged Debit,,,,,
3100,NCHG,LN. Susp. Interest Charged Debit,,,,,
3114,NCHG,TD. Service Charge,,,,,
3320,NCHG,LN. UI. Charged Debit,,,,,
3330,NCHG,LN. Susp. UI. Charged Debit,,,,,
3750,NCHG,LN. Writeoff Susp Fee Debit,,,,,
3780,NCHG,LN. Legal Fees Writeoff,,,,,
4067,NCHG,Fees Arrear Capitalization,,,,,
4068,NCHG,Susp Fees Arrear Capitalization,,,,,
4090,NCHG,LN. Fee Writeoff,,,,,
4261,NCHG,LN. Comp. Interest Charge Computed,,,,,
4280,NCHG,LN. Penalty Interest Accrual/Charge,,,,,
4310,NCHG,LN. Interest Charged,,,,,
4341,NCHG,LN. Disb. Comp. Susp. Charge Computed,,,,,
4522,NCHG,LN. Charge Waiver,,,,,
5003,NCHG,Service Charges Debit,,,,,
5005,NCHG,Service Charge Capitalization,,,,,
5011,NCHG,DAUD. Service Charge,,,,,
5012,NCHG,DAUD. And TOD. Returnable Cheque Charge,,,,,
5013,NCHG,TOD. Service Charge,,,,,
5014,NCHG,Scan Pass Service Charge,,,,,
6408,NCHG,Charge Slip,,,,,
1013,NCHK,Trk tunai Cek/Check Withdrawal,,,,,
2606,NCHK,TBS. Cheque Book Request,,,,,
2609,NCHK,TBS. Cheque Status Inquiry,,,,,
6501,NCHK,Set.Cek/Cheque Dep,,,,,
6601,NCHK,Setor PDC/PDC Deposit,,,,,
6602,NCHk,Setor PDC/PDC Data Entry Batch,,,,,
6605,NCHK,Postdated TD. Deposit,,,,,
6606,NCHK,LN. Install Postdated Cheque Deposit,,,,,
6720,NCHK,Postdated Cheque Purchase,,,,,
6721,NCHK,PDC. Settlement,,,,,
6722,NCHK,PDC. Purchase Margin,,,,,
9101,NCHK,Tolakan  Klr/Inw Clr. Cheq Ret,,,,,
9102,NCHK,Guaranteed Cheque Return,,,,,
9107,NCHK,Guaranteed Cheque Return,,,,,
9404,NCHK,Travellers Cheque Return,,,,,
9501,NCHK,Return OF Cheque Deposited,,,,,
9502,NCHK,Return of Guaranteed chq deposit,,,,,
9576,NCHK,Return of Inst Payment Chq,,,,,
9577,NCHK,Return Bill Payment By Cheque,,,,,
9578,NCHK,Return OF Rent Cheque Deposited,,,,,
9601,NCHK,Outward Direct Credit Return,,,,,
9701,NCHK,RETURN OF CHEQUE PURCHASE,,,,,
9702,NCHK,Guaranteed Cheque Purchased Return,,,,,
9703,NCHK,Draft Purchase Return,,,,,
9704,NCHK,Travellers Cheque Pur. Ret.,,,,,
9705,NCHK,TD Cheque Purchased Return,,,,,
9708,NCHK,Salary Cheque Purchase Return,,,,,
9709,NCHK,Emp. LN. Inst. Repay Purchased Return,,,,,
9710,NCHK,Dividend  Payment Purchased Return,,,,,
9720,NCHK,PDC. Purchase Cancel,,,,,
9722,NCHK,PDC. Purchase Margin Reversal,,,,,
1034,NINT,CASA. Susp. Interest Writeoff Debit,,,,,
1064,NINT,Loan Interest Susidy Pay-In through CASA,,,,,
1090,NINT,Loan Interest Subsidy Payin through GL,,,,,
1329,NINT,TD. Interest Payout To Loan,,,,,
1442,NINT,Loans Interest Subsidy,,,,,
2509,NINT,Interest Capitalization,,,,,
2545,NINT,Interest Freeze,,,,,
2550,NINT,Interest Freeze,,,,,
3005,NINT,TD. Interest Payout By BC.,,,,,
3016,NINT,LN. Penalty Interest Compound,,,,,
3017,NINT,LN. Susp. Penalty Interest Compound,,,,,
3018,NINT,LN. Interest Arrears Cap.,,,,,
3019,NINT,LN. Susp Interest Arrears Cap.,,,,,
3083,NINT,Interest Arrear Appropriation,,,,,
3084,NINT,Susp. Interest Arrear Appropriation,,,,,
3101,NINT,TD. Interest Accrual,,,,,
3102,NINT,TD. Interest Expense,,,,,
3103,NINT,Bg dep/TD. Interest ,,,,,
3110,NINT,TD. Interest Adjustment Credit,,,,,
3111,NINT,TD. Interest Adjustment Debit,,,,,
3113,NINT,TD. Interest Compounding,,,,,
3118,NINT,TD. Interest Capitalized,,,,,
3260,NINT,LN. Interest Accrual,,,,,
3262,NINT,LN. Catch Up Interest Accrual,,,,,
3263,NINT,LN. Interest Accrual Adj.,,,,,
3264,NINT,LN. Credit Interest Accrual,,,,,
3265,NINT,LN. Catch Up Credit Interest Accrual,,,,,
3301,NINT,LN. Add On Interest Debit,,,,,
3340,NINT,LN. Interest Non Accrual,,,,,
3342,NINT,LN. Catch Up Interest Non Accrual,,,,,
3343,NINT,LN. Interest Non Accrual Adj.,,,,,
3630,NINT,LN. Interest Adjustment,,,,,
3640,NINT,LN. Susp. Interest Adjustment,,,,,
3690,NINT,LN. Interest Adjustment,,,,,
3700,NINT,LN. Interest Adjustment,,,,,
4003,NINT,Moratorium Interest Capitalization,,,,,
4004,NINT,Moratorium Interest Capitalization,,,,,
4082,NINT,LN. Subsidy Interest Income,,,,,
4110,NINT,LN. Susp. Interest Writeoff,,,,,
4160,NINT,LN. Interest Receivable Debit,,,,,
4161,NINT,LN. Interest Accrued Debit,,,,,
4165,NINT,LN. Interest Receivable Credit,,,,,
4166,NINT,LN. Interest Accrued Credit,,,,,
4170,NINT,LN. Interest Arrears Compound,,,,,
4190,NINT,LN. Suspended Interest Receivable Debit,,,,,
4191,NINT,LN. Suspended Interest Accrued Debit,,,,,
4195,NINT,LN. Suspended Interest Receivable Credit,,,,,
4196,NINT,LN. Suspended Interest Accrued Credit,,,,,
4225,NINT,Interest Adjustment: Debit,,,,,
4230,NINT,Interest Adjustment: Credit,,,,,
4260,NINT,LN. Interest Income,,,,,
4262,NINT,LN. Catch Up Interest Income,,,,,
4263,NINT,LN. Interest Income Adj.,,,,,
4300,NINT,LN. Unearned Interest Credit,,,,,
4301,NINT,LN. Add On Interest Credit,,,,,
4340,NINT,LN. Suspended Interest Income,,,,,
4630,NINT,LN. Interest Adjustment,,,,,
4640,NINT,LN. Susp. Interest Adjustment,,,,,
4650,NINT,LN. Penalty Interest Adjustment,,,,,
4660,NINT,LN. Penalty Interest Base Adjustment,,,,,
5001,NINT,Interest Credit,,,,,
5002,NINT,Interest Debit,,,,,
6736,NINT,PDC. Penal Interest,,,,,
6737,NINT,PDC. Interest Amortization,,,,,
7044,NINT,Loan Interest Subsidy Payin,,,,,
8002,NINT,Interest Debit Reversal,,,,,
1000,NMSC,Customer Search,,,,,
1001,NMSC,Tarik Tunai/Cash Withdrawal,,,,,
1002,NMSC,Excess Refund By Cash,,,,,
1007,NMSC,Str Dep Debit CASA/TD.Payin ,,,,,
1009,NMSC,TC. Sale Against Account,,,,,
1010,NMSC,BC. Sale Against Account,,,,,
1011,NMSC,Disbursement By Cheque,,,,,
1012,NMSC,LN. Rev. Credit Withdrawal,,,,,
1014,NMSC,DD. Sale Against Account,,,,,
1016,NMSC,CASA. Debit  TFC.,,,,,
1017,NMSC,Revolving Loan Debit By Cash,,,,,
1018,NMSC,Miscellaneous Customer Debit NoCOT.,,,,,
1019,NMSC,Revolving Loan Debit By Cheque,,,,,
1021,NMSC,Setor Deposito Debit GL/TD. Payin GL,,,,,
1025,NMSC,Pemb.Tagihan/Bill Payment Cash,,,,,
1026,NMSC,Advance Payment against Credit Card,,,,,
1030,NMSC,CASA. OD. Amount Writeoff Debit,,,,,
1031,NMSC,CASA. OD. Amount Writeoff Credit,,,,,
1032,NMSC,CASA. OD. Prov. Debit,,,,,
1033,NMSC,CASA. OD. Amount Writeoff AST. Credit,,,,,
1036,NMSC,CASA. SC. Amount Writeoff Debit,,,,,
1055,NMSC,Earmark Transaction,,,,,
1060,NMSC,GL. Miscellaneous Debit,,,,,
1065,NMSC,Byr Angs/Instal Pmt By Xfer,,,,,
1066,NMSC,Lns sbgn /Partial Pay Off,,,,,
1067,NMSC,Lns Pinj/EFS ,,,,,
1068,NMSC,LN. Advance Payment,,,,,
1069,NMSC,Batal cair /LN Rescission,,,,,
1070,NMSC,LN. Advance Future Payment,,,,,
1072,NMSC,Rev LN Installment Payment By Xfer.,,,,,
1075,NMSC,Pemb.Tagihan/Bill Payment,,,,,
1076,NMSC,Utility Payment From GEFU.,,,,,
1077,NMSC,Utility Payment From GEFU.,,,,,
1078,NMSC,Recovery of Repossessed Asset through Xfer,,,,,
1080,NMSC,Record Confirmation,,,,,
1081,NMSC,Installment Payment By GL.,,,,,
1082,NMSC,Partial Payoff By GL.,,,,,
1083,NMSC,LN. Settlement By GL.,,,,,
1084,NMSC,LN. Advance Payment By GL.,,,,,
1085,NMSC,LN. Disbursement To GL. Credit,,,,,
1086,NMSC,LN. Payment By GL,,,,,
1087,NMSC,Revolving LN. Debit To GL. Credit,,,,,
1088,NMSC,Rev Installment Payment By GL.,,,,,
1089,NMSC,LN. Rescission By GL.,,,,,
1096,NMSC,LN. Advance Future Payment By GL.,,,,,
1097,NMSC,Recovery of Repossessed Asset through GL Xfer,,,,,
1098,NMSC,Backdated Refund to GL,,,,,
1099,NMSC,TX_MNEM_REPOSSESS_FULL_STLMNT,,,,,
1100,NMSC,LN. Product Xfer.,,,,,
1111,NMSC,IV Gl entry,,,,,
1300,NMSC,Closeout Withdrawal By BC.,,,,,
1301,NMSC,Tutup Rek/Closeout  By Cash,,,,,
1302,NMSC,Bg. Dep/TD. Int. -Cash,,,,,
1303,NMSC,Cair Dep/TD Redempt. Cash,,,,,
1304,NMSC,TD. Interest Payout By BC.,,,,,
1305,NMSC,TD. Redemption Payout By BC.,,,,,
1306,NMSC,TD. Redemption Payout By DD.,,,,,
1307,NMSC,TD. Interest Payout By DD.,,,,,
1309,NMSC,Unclaimed Transfer,,,,,
1310,NMSC,Cair Tunai Dep/TD Redempt. Cash,,,,,
1311,NMSC,TD. Redemption Payout By BC.,,,,,
1312,NMSC,Cair Dep to CASA/TD Redem,,,,,
1313,NMSC,Cair Dep to LN/TD Redem,,,,,
1315,NMSC,Cair Dep to OGT/TD Redempt Trf,,,,,
1316,NMSC,TD. Post Maturity Renew,,,,,
1317,NMSC,Bg Dep/TD Int ,,,,,
1318,NMSC,Cair Dep to GL/TD Redempt GL.,,,,,
1320,NMSC,Tutup Rek/Closeout Funds Trf,,,,,
1321,NMSC,Tutup Rek/Closeout To GL,,,,,
1322,NMSC,Sweep Out To TD.,,,,,
1323,NMSC,SI. Xfer. To TD.,,,,,
1324,NMSC,Cair Dep/TD Redem,,,,,
1325,NMSC,Cair Dep/TD Redem,,,,,
1326,NMSC,Cair Dep/TD Redempt - Trf,,,,,
1327,NMSC,Cair Dep/TD. Redempt - GL,,,,,
1328,NMSC,Bg dep/TD Int Sav,,,,,
1330,NMSC,Bg dep/TD Int Trf,,,,,
1331,NMSC,Bg dep/TD Int GL,,,,,
1332,NMSC,TD. Redemption By DD.,,,,,
1333,NMSC,Cair dep/TD Redem,,,,,
1334,NMSC,Bg dep/TD Int.,,,,,
1335,NMSC,Cair dep/TD Redem,,,,,
1336,NMSC,Cair dep/TD Redem,,,,,
1337,NMSC,Bg dep/TD Int TD,,,,,
1338,NMSC,Cair dep/TD Redem,,,,,
1341,NMSC,TD. Batch Redemption By Cash,,,,,
1342,NMSC,TD. Batch Redemption By Cheque,,,,,
1343,NMSC,TD.Batch Redemption By Xfer. To CASA.,,,,,
1344,NMSC,TD. Batch Redemption By External Transfer,,,,,
1345,NMSC,TD. Batch Redemption By Transfer To LN.,,,,,
1346,NMSC,TD. Batch Redemption By DD.,,,,,
1347,NMSC,TD. Batch Redemption By Transfer To GL.,,,,,
1348,NMSC,TD. Redemption Payout To Payment GL.,,,,,
1349,NMSC,Bg dep/TD Int -Payment,,,,,
1350,NMSC,TD. Batch Redem. By Xfer. To TD. Account,,,,,
1351,NMSC,TD. Batch Redem. Payout By Xfer. To TD.,,,,,
1352,NMSC,Bg dep/TD Int TD,,,,,
1353,NMSC,Bg dep/TD Int TD,,,,,
1354,NMSC,Bg dep/TD Int. - Trf,,,,,
1355,NMSC,TD. Batch Redemption By Transfer To LN.,,,,,
1356,NMSC,Setor Deposito/TD. Gen. Payin,,,,,
1357,NMSC,Cair dep/TD Reinvest,,,,,
1358,NMSC,Cair dep/TD. Gen. Redempt,,,,,
1360,NMSC,BOD TD Premature Redemption,,,,,
1361,NMSC,TD. Pre Mat. Redemption Tax recover,,,,,
1402,NMSC,Setor Tunai Deposito/TD. Payin- Cash,,,,,
1403,NMSC,Byr angs/LN. Installment Payment,,,,,
1404,NMSC,LN. Partial Payoff By Cash,,,,,
1405,NMSC,LN. EFS. By Cash,,,,,
1406,NMSC,Cash Deposit Into Ext. A/C.,,,,,
1407,NMSC,LN. Advance Payment  By Cash,,,,,
1408,NMSC,Lain-2 Kredit/Misc Cust Cr,,,,,
1409,NMSC,Pembelian TC/TC Purchase ,,,,,
1410,NMSC,Byr angs/LN. Payment,,,,,
1411,NMSC,Future Dated Cash Deposit,,,,,
1412,NMSC,Excess Refund Xfer. To CASA.,,,,,
1413,NMSC,Cair Pinj/LN. Disbursement,,,,,
1414,NMSC,Disbursement To CASA. From BIRO.,,,,,
1415,NMSC,CASA. Credit CPS.,,,,,
1416,NMSC,CASA. Credit  TFC.,,,,,
1417,NMSC,LN. Rescission By Cash,,,,,
1418,NMSC,Rev LN. Installment Payment By Cash,,,,,
1419,NMSC,LN. Installment Payment By Cash,,,,,
1420,NMSC,RD. Installment Payment Inquiry,,,,,
1421,NMSC,RD. Installment Payment By Cash,,,,,
1425,NMSC,Application Processing For Payment,,,,,
1426,NMSC,RD. Late Payment Penalty Credit,,,,,
1427,NMSC,RD. Late Payment Penalty Debit,,,,,
1428,NMSC,RD Drawdown DEBIT,,,,,
1429,NMSC,Flexible RD deposit by Cash,,,,,
1430,NMSC,Backdated Refund to CASA,,,,,
1431,NMSC,Flexible RD Deposit By Casa,,,,,
1432,NMSC,Flexible RD Redemption By Cash,,,,,
1433,NMSC,Flexible RD Redemption By CASA Xfer,,,,,
1436,NMSC,LN. Advance Future Payment  By Cash,,,,,
1437,NMSC,Application Processing For Advance Payment,,,,,
1460,NMSC,GL. Miscellaneous Credit Against Cash,,,,,
1461,NMSC,Initial Deposit payment,,,,,
1462,NMSC,Amortization of Gift,,,,,
1463,NMSC,Penalty break Amortization,,,,,
1464,NMSC,Penalty for failed debit,,,,,
1511,NMSC,MICR. Header Entry,,,,,
1513,NMSC,Disbursement To CTPARTY.,,,,,
1613,NMSC,Insurance Premium Remittance to Counter Party,,,,,
1701,NMSC,Rent Payment By Cash,,,,,
1703,NMSC,Sweep In Debit,,,,,
1704,NMSC,Sweep In Credit,,,,,
1705,NMSC,TD. Sweep In Debit,,,,,
1706,NMSC,TD. Sweep In Credit,,,,,
1707,NMSC,LN. Sweep In Debit,,,,,
1708,NMSC,Cross Cost Center MSD,,,,,
1711,NMSC,Rent Payment By GL,,,,,
1721,NMSC,Closeout Withdrawal By BC,,,,,
1722,NMSC,Closeout Withdrawal By Cash,,,,,
1723,NMSC,Closeout Withdrawal By Xfer. To GL,,,,,
1724,NMSC,SB Closeout Withdrawal By Xfer. To ACH,,,,,
1802,NMSC,OBU CASA Account debit,,,,,
1803,NMSC,OBU CASA Account Credit,,,,,
1811,NMSC,OBU CASA Funds Xfer. Credit (OLTP.),,,,,
1905,NMSC,Cross Cost Center GLT,,,,,
2030,NMSC,Outgoing Payment Transaction(Initiation),,,,,
2031,NMSC,Outgoing Payment Transaction(Message),,,,,
2032,NMSC,SWIFT Outgoing Payment Message,,,,,
2037,NMSC,Payment Transaction5,,,,,
2038,NMSC,Payment Transaction6,,,,,
2039,NMSC,Payment Transaction7,,,,,
2043,NMSC,Payment Transaction8,,,,,
2049,NMSC,TEST SIT,,,,,
2050,NMSC,Reject of OP,,,,,
2051,NMSC,IDD,,,,,
2052,NMSC,Payment Transaction9,,,,,
2053,NMSC,Payment Transaction10,,,,,
2054,NMSC,Payment Transaction11,,,,,
2055,NMSC,Payment Transaction12,,,,,
2056,NMSC,Payment Transaction13,,,,,
2057,NMSC,Payment Transaction14,,,,,
2058,NMSC,Payment Transaction15,,,,,
2059,NMSC,Payment Transaction16,,,,,
2060,NMSC,Payment Transaction17,,,,,
2065,NMSC,Installment Payment By Ext Xfer.,,,,,
2102,NMSC,Byr angs/Drawdown Fr CASA,,,,,
2103,NMSC,LN. ASN. Principal Debit,,,,,
2201,NMSC,ATM. Cash Withdrawal.On Us,,,,,
2202,NMSC,ATM. Balance Inquiry.On Us,,,,,
2203,NMSC,ATM. Mini Stmt. Inquiry.On Us,,,,,
2204,NMSC,ATM. Funds Xfer. Debit.On Us,,,,,
2206,NMSC,ATM. Adhoc Stmt. Request.On Us,,,,,
2207,NMSC,ATM. Cheque Book Issue Request.On Us,,,,,
2208,NMSC,ATM. Payments Debit.On Us,,,,,
2213,NMSC,POS PURCHASE ON-US,,,,,
2214,NMSC,Pin Details,,,,,
2215,NMSC,Mail Alert,,,,,
2216,NMSC,Contract Content Inquiry,,,,,
2217,NMSC,beneficiary Registeration,,,,,
2218,NMSC,Au Linkage,,,,,
2219,NMSC,BENEFICIARY INQUIRY,,,,,
2220,NMSC,RCN Manangement,,,,,
2221,NMSC,CUSTOMER CONTRACT NO,,,,,
2229,NMSC,Credit Card Cash advance over ATM,,,,,
2230,NMSC,E-Cash Cash advance over ATM,,,,,
2231,NMSC,ATM. Revolving Loan Cash Withdrawal.On Us,,,,,
2232,NMSC,ATM.Revolving Loan.Balance Inquiry.On Us,,,,,
2234,NMSC,ATM. Funds Xfer.Loan Debit.On Us,,,,,
2235,NMSC,ATM. Funds Xfer. Loan Credit.On Us,,,,,
2252,NMSC,ATM. Loan Cash Deposit.On Us,,,,,
2258,NMSC,ATM Card  Info Update .On Us,,,,,
2268,NMSC,ATM. Balance Inquiry Remote Onus PRIMA,,,,,
2275,NMSC,POS. Normal Purchase. Debit On us,,,,,
2276,NMSC,POS. Merchandise Return. On us,,,,,
2278,NMSC,ATM. Cash Withdrawal.Settlement On Us,,,,,
2279,NMSC,POS. Normal Purchase.Settlement Debit On us,,,,,
2280,NMSC,ATM. Cash Withdrawal.Earmark On Us,,,,,
2281,NMSC,POS. Normal Purchase.Earmark Debit On us,,,,,
2282,NMSC,Bill Payment over IB,,,,,
2283,NMSC,ATM. Cash Withdrawal Remote Onus ALTO,,,,,
2284,NMSC,ATM. Cash Withdrawal Remote Onus CIRRUS,,,,,
2285,NMSC,ATM. Cash Withdrawal Remote Onus BERSAMA,,,,,
2286,NMSC,ATM. Balance Inquiry Remote Onus ALTO,,,,,
2287,NMSC,ATM. Balance Inquiry Remote Onus CIRRUS,,,,,
2288,NMSC,ATM. Balance Inquiry Remote Onus BERSAMA,,,,,
2301,NMSC,ATM. Cash Withdrawal.Remote On Us,,,,,
2302,NMSC,ATM. Balance Inquiry.Remote On Us,,,,,
2303,NMSC,ATM. Mini Stmt. Inquiry.Remote On Us,,,,,
2306,NMSC,ATM. Adhoc Stmt. Request.Remote On Us,,,,,
2307,NMSC,ATM. Chq. Book Issue Req. Remote On Us,,,,,
2312,NMSC,ATM. Off Us Notification,,,,,
2313,NMSC,POS PURCHASE REMOTE ON-US,,,,,
2319,NMSC,POS.Normal Purchase Off us Notification,,,,,
2320,NMSC,POS.Void Off us Notification,,,,,
2321,NMSC,Cash Withdrawal over Mobile,,,,,
2322,NMSC,Cash Withdrawal over Mobile,,,,,
2323,NMSC,Purchase over Mobile ,,,,,
2324,NMSC,ATM. ORFT. Debit.Remote On Us,,,,,
2325,NMSC,ATM. ORFT. Credit.Remote On Us,,,,,
2326,NMSC,ATM. ORFT. Credit.Remote On Us DR,,,,,
2327,NMSC,ATM.ORFT Credit Remote On Us CR,,,,,
2328,NMSC,ATM.Bill Payment Debit.Remote On Us,,,,,
2329,NMSC,Bill Payment over Mobile,,,,,
2330,NMSC,Bill Payment over IVR,,,,,
2331,NMSC,ATM.Cash withdraw Remote onus,,,,,
2332,NMSC,ATM.Revolving Loan.Balance Inquiry.Remote On Us,,,,,
2333,NMSC,Bill Payment Adira Quantum Loan,,,,,
2334,NMSC,ATM. Funds Xfer.LN Debit.Remote On Us,,,,,
2335,NMSC,ATM. Funds Xfer. Loan Credit.Remote On Us,,,,,
2336,NMSC,"Bill Payment Adira Quantum Loan via ATM BCA, Post Office",,,,,
2337,NMSC,Bill Payment Adira Quantum Loan Debit On Us,,,,,
2339,NMSC,ATM. Adira Quantum Loan Inquiry,,,,,
2340,NMSC,Fedi. Savings. Debit. Onus,,,,,
2345,NMSC,Fedi. Credit. Onus,,,,,
2352,NMSC,ATM. Loan Cash Deposit.Remote On Us,,,,,
2353,NMSC,ATM. Cash Withdrawal Remote Onus MASTER ,,,,,
2354,NMSC,ATM. Balance Inquiry Remote Onus MASTER,,,,,
2361,NMSC,ATM. Cash Withdrawal Remote Onus VisaPLUS,,,,,
2362,NMSC,ATM. Balance Inquiry Remote Onus VisaPLUS,,,,,
2375,NMSC,POS. Normal Purchase. Debit Remote On us,,,,,
2376,NMSC,POS. Merchandise Return. Remote On us,,,,,
2378,NMSC,ATM. Cash Withdrawal.Settlement Remote On Us,,,,,
2379,NMSC,POS. Normal Purchase.Settlement Debit Remote On us,,,,,
2380,NMSC,ATM. Cash Withdrawal.Earmark Remote On Us,,,,,
2381,NMSC,POS. Normal Purchase.Earmark Debit Remote On us,,,,,
2391,NMSC,ATM. Cash Withdrawal.Remote On Us MSC,,,,,
2457,NMSC,ZENGIN KUMIMODOSHI,,,,,
2466,NMSC,Sending Branch name same as Receiving Branch Name,,,,,
2500,NMSC,Deposit Transaction,,,,,
2501,NMSC,Deposit Maintenance,,,,,
2502,NMSC,Deposit Reversal Transaction,,,,,
2503,NMSC,Regular Deposit Redemption Transaction,,,,,
2504,NMSC,Regular Deposit Redemption Reversal,,,,,
2505,NMSC,Matured Deposit Redemption Transaction,,,,,
2506,NMSC,Matured Deposit Redemption Reversal,,,,,
2507,NMSC,Matured Deposit Renewal Transaction,,,,,
2508,NMSC,Matured Deposit Renewal Reversal,,,,,
2511,NMSC,Penalty Capitalization,,,,,
2601,NMSC,TBS. Balance Inquiry,,,,,
2602,NMSC,TBS. Mini Statement,,,,,
2605,NMSC,TBS. Adhoc Statement Request,,,,,
2607,NMSC,TBS. TD. Balance Inquiry,,,,,
2608,NMSC,TBS. LN. Inquiry,,,,,
2610,NMSC,TBS. TDS. Inquiry,,,,,
2611,NMSC,TBS. Currency Exchange Inquiry,,,,,
2612,NMSC,TBS. TD. Rate Inquiry,,,,,
2613,NMSC,TBS. Stop Cheque,,,,,
2619,NMSC,TCB Bill Payment (Against Account),,,,,
2622,NMSC,Debit/ReverseDebit Miscellaneous Customer,,,,,
2623,NMSC,Credit/ReverseCredit Miscellaneous Customer,,,,,
2660,NMSC,Installment Payment By GL.,,,,,
2661,NMSC,Earmark Transaction,,,,,
2663,NMSC,GEFU TD Bulk Payin,,,,,
2671,NMSC,IB Misc Debit,,,,,
2672,NMSC,IB Misc Credit,,,,,
2673,NMSC,Miscellaneous Customer Debit,,,,,
2674,NMSC,Miscellaneous Customer Debit,,,,,
2675,NMSC,Miscellaneous Customer Debit,,,,,
2676,NMSC,Miscellaneous Customer Debit,,,,,
2678,NMSC,ATM ACC Bill Payment Debit.On Us,,,,,
2701,NMSC,ATM. Cash Withdrawal.On Us MSC,,,,,
2767,NMSC,ATM. Cash Withdrawal Remote Onus PRIMA MSC,,,,,
2783,NMSC,ATM. Cash Withdrawal Remote Onus ALTO MSC,,,,,
2785,NMSC,ATM. Cash Withdrawal Remote Onus BERSAMA MSC,,,,,
2803,NMSC,Trust Redemption/LN. Disbursement Debit,,,,,
2804,NMSC,Trust Redemption/LN. Disbursement Credit,,,,,
2853,NMSC,ATM. Cash Withdrawal Remote Onus MASTER  MSC,,,,,
2901,NMSC,IB. Balance Inquiry,,,,,
2902,NMSC,IB. Statement Inquiry,,,,,
2905,NMSC,IB. Adhoc Statement Request,,,,,
2906,NMSC,IB. Cheque Book Request,,,,,
2907,NMSC,IB. TD. Balance Inquiry,,,,,
2909,NMSC,IB. Cheque Status Inquiry,,,,,
2910,NMSC,IB. TDS. Inquiry,,,,,
2911,NMSC,IB. Currency Exchange Rate Inquiry,,,,,
2912,NMSC,IB. TD. Rate Inquiry,,,,,
2913,NMSC,IB. Stop Cheque,,,,,
2917,NMSC,IB. TD. Account Opening,,,,,
2918,NMSC,IB. BC. Issue,,,,,
2919,NMSC,IB. DD. Issue,,,,,
2920,NMSC,XFER TD DR,,,,,
2930,NMSC,IB TD MAT INSTR,,,,,
2937,NMSC,IB SI ADD,,,,,
2938,NMSC,IB SI ADD,,,,,
2939,NMSC,SI Delete,,,,,
2940,NMSC,IB SI ADD,,,,,
2941,NMSC,IB SI ADD,,,,,
2945,NMSC,??????????,,,,,
3000,NMSC,ThumbPad Verification,,,,,
3004,NMSC,Bg dep/TD Int Cash,,,,,
3006,NMSC,Bg dep/TD Int Trf,,,,,
3008,NMSC,TD. Batch Redemption Payout By DD.,,,,,
3014,NMSC,LN. Disbursement Debit,,,,,
3015,NMSC,LN. SC. Capitalization,,,,,
3030,NMSC,Outgoing Payment Transaction(Initiation) Rev,,,,,
3031,NMSC,Outgoing Payment Transaction(Message) Rev,,,,,
3033,NMSC,Payment Transaction1 Rev,,,,,
3034,NMSC,Payment Transaction2 Rev,,,,,
3035,NMSC,Payment Transaction3 Rev,,,,,
3036,NMSC,Payment Transaction 4 Rev,,,,,
3037,NMSC,Payment Transaction5 Rev,,,,,
3038,NMSC,Payment Transaction6 Rev,,,,,
3039,NMSC,Payment Transaction7 Rev,,,,,
3041,NMSC,Payment Transaction5 Rev,,,,,
3043,NMSC,Payment Transaction8 Rev,,,,,
3060,NMSC,LN. Premium Debit,,,,,
3070,NMSC,LN. Reminder SC.,,,,,
3081,NMSC,LN. Reminder SC.,,,,,
3082,NMSC,Principal Arrear Appropriation,,,,,
3087,NMSC,Premium Arrear Appropriation,,,,,
3088,NMSC,Susp Premium Arrear Appropriation,,,,,
3089,NMSC,IOA Arrear Appropriation,,,,,
3091,NMSC,Susp IOA Arrear Appropriation,,,,,
3092,NMSC,Outgoings Arrear Appropriation,,,,,
3093,NMSC,Susp Outgoings Arrear Appropriation,,,,,
3094,NMSC,Legal Arrear Appropriation,,,,,
3095,NMSC,Susp Legal Arrear Appropriation,,,,,
3096,NMSC,PMI Arrear Appropriation,,,,,
3097,NMSC,Susp PMI Arrear Appropriation,,,,,
3098,NMSC,LN Scheduled  SC,,,,,
3099,NMSC,LN SC on Arrears,,,,,
3105,NMSC,TD. Unclaimed Xfer.,,,,,
3106,NMSC,TD. Maturity Xfer.,,,,,
3107,NMSC,TD. Maturity Renew,,,,,
3108,NMSC,TD. Maturity Redeem,,,,,
3109,NMSC,TD. Maturity Xfer.,,,,,
3112,NMSC,TD. Pre Mat. Redemption At Host,,,,,
3115,NMSC,TDS. Recovery From CASA.,,,,,
3119,NMSC,TD. Add Uncollected Int to Principal,,,,,
3120,NMSC,LN. Disb. Install Deduct,,,,,
3121,NMSC,LN balance appropriation,,,,,
3122,NMSC,TD. Add Int Due to Principal,,,,,
3123,NMSC,TD. Add Princ Due for online renewal,,,,,
3124,NMSC,LN Prepay penalty,,,,,
3125,NMSC,LN Principal paid off,,,,,
3127,NMSC,TDS2 Recovery From CASA.,,,,,
3130,NMSC,LN. Backdated Credit,,,,,
3131,NMSC,Loan Revolving Instal Due Credit,,,,,
3132,NMSC,TD. PMI Accrual,,,,,
3133,NMSC,TD. PMI Reversal,,,,,
3134,NMSC,LN. Adv Install Deduct,,,,,
3140,NMSC,LN. Backdated Debit,,,,,
3150,NMSC,LN. Backdated PPF Credit,,,,,
3160,NMSC,LN. Backdated PPF Debit,,,,,
3170,NMSC,LN. Backdated PPF through CASA ,,,,,
3180,NMSC,LN. Backdated installment through CASA ,,,,,
3181,NMSC,LN. Backdated Rate ,,,,,
3182,NMSC,LN. TDS Charging,,,,,
3190,NMSC,LN. Backdated Disbursement to CASA ,,,,,
3200,NMSC,LN. ASN. DEF. Interest Debit,,,,,
3203,NMSC,TD. Interest Withdrawal,,,,,
3210,NMSC,LN. ASN. DEF. Susp. Interest Debit,,,,,
3240,NMSC,LN. ASN. Dividend Posting,,,,,
3250,NMSC,LN. Penalty Interest Compound,,,,,
3261,NMSC,LN. Accr INT COMPOUND,,,,,
3300,NMSC,LN. Principal Debit With UI.,,,,,
3350,NMSC,LN. PMI. Accrual,,,,,
3352,NMSC,LN. Catch Up PMI. Accrual,,,,,
3353,NMSC,LN. PMI. Accrual Adj.,,,,,
3360,NMSC,LN. PMI.Non Accrual,,,,,
3362,NMSC,LN. Catch Up PMI. Non Accrual,,,,,
3363,NMSC,LN. PMI. Non Accrual Adj.,,,,,
3400,NMSC,LN. Provisions Expense Debit,,,,,
3510,NMSC,LN. BIRO. Credit,,,,,
3650,NMSC,LN. Penalty Interest Adjustment,,,,,
3660,NMSC,LN. Penalty Base Adjustment,,,,,
3670,NMSC,LN. PMI. Adjustment,,,,,
3680,NMSC,LN. Susp. PMI. Adjustment,,,,,
3708,NMSC,Cross Cost Center MSDReversal,,,,,
3720,NMSC,LN. Writeoff Susp Int Debit,,,,,
3730,NMSC,LN. Writeoff Susp Int On Arrears Debit,,,,,
3740,NMSC,LN. Writeoff Susp PMI Debit,,,,,
3760,NMSC,LN. Writeoff Prov. Debit,,,,,
3770,NMSC,LN. Writeoff Expense Debit,,,,,
3790,NMSC,LN. Outgoings Writeoff,,,,,
3810,NMSC,LN. Account Close Debit,,,,,
3900,NMSC,Investor Services Subscription Debit,,,,,
3901,NMSC,Investor Services Subscription Reversal,,,,,
3902,NMSC,Investor Services Redemption Credit,,,,,
3903,NMSC,Investor Services Redemption Reversal,,,,,
3904,NMSC,Investor Services Switch Credit,,,,,
3905,NMSC,Investor Services Switch Reversal,,,,,
3906,NMSC,Investor Services SI. Subscription Debit,,,,,
3907,NMSC,Investor Services SI. Redemption Credit,,,,,
3908,NMSC,Investor Services Dividend Payout,,,,,
3909,NMSC,Investor Services Reinvestment Debit,,,,,
3910,NMSC,Investor Services Subscription Credit,,,,,
3911,NMSC,Investor Subscription Reversal Debit,,,,,
3912,NMSC,Investor Subscription Redemption Debit,,,,,
3913,NMSC,Investor Services Redemption Rev. Credit,,,,,
3914,NMSC,Investor Switch Debit,,,,,
3915,NMSC,Investor Services Switch Reversal Credit,,,,,
3916,NMSC,Investor Services SI.Subscription Credit,,,,,
3917,NMSC,Investor Services SI. Redemption Debit,,,,,
3918,NMSC,Investor SI. Dividend Payout Debit,,,,,
3919,NMSC,Investor Services Reinvestment Payout,,,,,
4000,NMSC,LN. Backdated EFS through CASA ,,,,,
4001,NMSC,Clawback Credit,,,,,
4002,NMSC,Clawback Debit,,,,,
4006,NMSC,Cheque  Details,,,,,
4008,NMSC,Interest / Redemption Details,,,,,
4009,NMSC,Inventory Details,,,,,
4010,NMSC,LN. Backdated EFS through GL ,,,,,
4020,NMSC,LN. Backdated Disbursement to CASA for rev loan ,,,,,
4030,NMSC,LN. Backdated Disbursement to GL for rev loan ,,,,,
4040,NMSC,LN. Backdated installment payment through CASA for rev loan ,,,,,
4050,NMSC,LN. Backdated installment payment through GL for rev loan ,,,,,
4051,NMSC,Principal Arrear Capitalization,,,,,
4052,NMSC,Interest Arrear Capitalization,,,,,
4053,NMSC,Susp. Interest Arrear Capitalization,,,,,
4054,NMSC,LN. Capitalization of credit interest,,,,,
4058,NMSC,IOA Arrear Capitalization,,,,,
4059,NMSC,Susp IOA Arrear Capitalization,,,,,
4060,NMSC,LN. Insurance Premium,,,,,
4061,NMSC,Outgoings Arrear Capitalization,,,,,
4062,NMSC,Susp Outgoings Arrear Capitalization,,,,,
4063,NMSC,Legal Arrear Capitalization,,,,,
4064,NMSC,Susp Legal Arrear Capitalization,,,,,
4065,NMSC,PMI Arrear Capitalization,,,,,
4066,NMSC,Susp PMI Arrear Capitalization,,,,,
4069,NMSC,Premium Arrear Capitalization,,,,,
4070,NMSC,LN. Insurance Premium Writeoff,,,,,
4071,NMSC,Susp Premium Arrear Capitalization,,,,,
4080,NMSC,LN. Disb. SC./Other Income,,,,,
4081,NMSC,LN. SC. Income,,,,,
4083,NMSC,LN. Margin,,,,,
4084,NMSC,LN. Inventory,,,,,
4085,NMSC,LN. Profit Booking,,,,,
4111,NMSC,BC. Lost Status Inquiry,,,,,
4112,NMSC,DD. Lost Status Inquiry,,,,,
4113,NMSC,TT. Status Update,,,,,
4121,NMSC,LN balance initiation,,,,,
4130,NMSC,LN. Principal Writeoff,,,,,
4140,NMSC,LN. Interest Writeoff,,,,,
4150,NMSC,LN. Asset Balance Debit,,,,,
4155,NMSC,LN. Asset Balance Credit,,,,,
4180,NMSC,LN. Suspended Asset Balance Debit,,,,,
4185,NMSC,LN. Suspended Asset Balance Credit,,,,,
4220,NMSC,LN. Penalty Interest Realize,,,,,
4264,NMSC,LN. Catch Up Credit Interest Expense,,,,,
4290,NMSC,LN. Disb. Comp. Susp. Int. Arrears,,,,,
4308,NMSC,LN. Backdated Arrear Postponement,,,,,
4309,NMSC,LN. Arrear Postponement,,,,,
4320,NMSC,Loan Revolving Instal Due Debit,,,,,
4342,NMSC,LN. Catch Up Suspended Interest Income,,,,,
4343,NMSC,LN. Suspended Interest Income Adj.,,,,,
4350,NMSC,LN. PMI. Income,,,,,
4352,NMSC,LN. Catch Up PMI Income,,,,,
4353,NMSC,LN. PMI. Income Adj.,,,,,
4360,NMSC,LN. Suspended PMI. Income,,,,,
4361,NMSC,LN. Disb. Comp. UI.,,,,,
4362,NMSC,LN. Catch Up Suspended PMI. Income,,,,,
4363,NMSC,LN. Suspended PMI. Income Adj.,,,,,
4400,NMSC,LN. Reserve Provisions,,,,,
4410,NMSC,LN. Susp. Penalty Interest Accr./Charg.,,,,,
4441,NMSC,LN. Disb. Comp. UI.,,,,,
4500,NMSC,Remote Authorization,,,,,
4501,NMSC,Centralized Authorization,,,,,
4512,NMSC,Txn. Mnem. TD. Install,,,,,
4523,NMSC,LN. Collateral Value,,,,,
4670,NMSC,LN. PMI. Adjustment,,,,,
4680,NMSC,LN. Susp. PMI. Adjustment,,,,,
4710,NMSC,LN. Penalty Interest Writeoff,,,,,
4720,NMSC,LN. Penalty Interest Base Writeoff,,,,,
4730,NMSC,LN. Susp. PMI. Writeoff,,,,,
4740,NMSC,LN. PMI. Writeoff,,,,,
4750,NMSC,LN. UI. Writeoff,,,,,
4760,NCHG,LN. Susp. Fees Writeoff,,,,,
4770,NMSC,LN. Susp. IOA. Writeoff,,,,,
4780,NCHG,LN. Susp. Legal Fees Writeoff,,,,,
4790,NMSC,LN. Susp. Outgoings Writeoff,,,,,
4795,NMSC,LN. Susp. Premium Writeoff,,,,,
4810,NMSC,LN. Account Close Credit,,,,,
4901,NMSC,LN. Suspense Credit,,,,,
4911,NMSC,Sanctioned Amount Contingent Entries,,,,,
5004,NMSC,Balance Confirmation Request,,,,,
5009,NMSC,Passbook Update Debit,,,,,
501,NMSC,Application Header,,,,,
5010,NMSC,Passbook Update Credit,,,,,
5015,NMSC,Immediate Credit  SC.,,,,,
5016,NMSC,SC. For Cheque Book Request,,,,,
5017,NMSC,SC. For Stop Cheque Instruction,,,,,
5018,NMSC,SC. For Adhoc Statement,,,,,
5019,NMSC,SC. For Reminders Processing,,,,,
502,NMSC,Conventional Loan,,,,,
5021,NMSC,SC. For Cheque status Maintenance,,,,,
503,NMSC,Islamic Loan,,,,,
5030,NMSC,SC. For  Outstation Cheques,,,,,
5031,NMSC,SC For Cheque Book Issue,,,,,
5032,NMSC,SC For Cheque Book Delivery,,,,,
5033,NMSC,Rewards Credit,,,,,
504,NMSC,Customer Appeal,,,,,
505,NMSC,Applicants Details,,,,,
5055,NMSC,Compressed Transaction,,,,,
506,NMSC,Customer Addition Dummy Screen,,,,,
5060,NMSC,LN. Disb. Deduction,,,,,
507,NMSC,Status Details,,,,,
508,NMSC,Recommend,,,,,
510,NMSC,Mark Data Entry,,,,,
512,NMSC,Deed Details,,,,,
513,NMSC,Corporate Customer Details,,,,,
514,NMSC,Individual Customer Details,,,,,
515,NMSC,Non Standard,,,,,
516,NMSC,Property Details,,,,,
517,NMSC,Share Details,,,,,
520,NMSC,Employee Details,,,,,
522,NMSC,ASN. Details,,,,,
523,NMSC,Spouse Details,,,,,
524,NMSC,Address Details,,,,,
528,NMSC,Recommend Details,,,,,
530,NMSC,Offer Letter Printing,,,,,
531,NMSC,Document Maintenance,,,,,
532,NMSC,Insurance Details,,,,,
535,NMSC,Appraisal Information,,,,,
536,NMSC,Authorize Result,,,,,
537,NMSC,Reject Details,,,,,
538,NMSC,Sanction Details,,,,,
539,NMSC,Offer Extension,,,,,
542,NMSC,Maintain Result,,,,,
543,NMSC,Offer Reject,,,,,
545,NMSC,Revalidate Collaterals,,,,,
546,NMSC,Document List,,,,,
548,NMSC,View,,,,,
549,NMSC,View Result,,,,,
550,NMSC,Loan Account Opening,,,,,
5501,NMSC,Batch Data Entry Open,,,,,
5502,NMSC,Batch Data Entry Upload File,,,,,
5503,NMSC,Batch Data Entry Status,,,,,
5504,NMSC,Batch Data Entry Reupload File,,,,,
5505,NMSC,Batch Consolidated Cheque Data Entry,,,,,
5506,NMSC,Set. Kliring/Ourward Clearing,,,,,
551,NMSC,Primary Customer,,,,,
5511,NMSC,Consolidated DD./BC. Issue,,,,,
5514,NMSC,Change Batch User,,,,,
5515,NMSC,List Batch Status,,,,,
5518,NMSC,Rejects File Download,,,,,
5519,NMSC,Repost Salary Rejects,,,,,
552,NMSC,View Trial Output,,,,,
5522,NMSC,Batch MICR.. SrlNo. Xref. Data Entry,,,,,
5523,NMSC,Consol. Cheque Data Entry Thru MICR.File,,,,,
5524,NMSC,Consol. Cheque Data Read Correction,,,,,
5526,NMSC,Clubbing Of Consolidated Cheques,,,,,
5528,NMSC,Salary Rejects Reposting Authorization,,,,,
5529,NMSC,Payment Reject Reposting,,,,,
5530,NMSC,Upload External Data File,,,,,
5532,NMSC,Payment Rejects Reposting Authorize,,,,,
5534,NMSC,Salary Upload With Drawdown,,,,,
5535,NMSC,Salary Upload Without Drawdown,,,,,
5544,NMSC,Consol. Inquiry,,,,,
555,NMSC,Reject Reasons,,,,,
5555,NMSC,Collateral Contingent Entries,,,,,
557,NMSC,Insurance-Collateral Inquiry,,,,,
5595,NMSC,Collateral Inquiry,,,,,
5596,NMSC,Collateral Revalidation,,,,,
5597,NMSC,Customer Acceptance,,,,,
581,NMSC,Basic Information Report,,,,,
582,NMSC,Comparative Financial Condition,,,,,
583,NMSC,Call Plan And Report,,,,,
584,NMSC,Financial Summary,,,,,
585,NMSC,Cash Inflow/Outflow Budget,,,,,
586,NMSC,Credit Approval,,,,,
587,NMSC,Client And Sensitivity Projections,,,,,
588,NMSC,Credit Memorandum,,,,,
589,NMSC,General Notes,,,,,
590,NMSC,Miscellaneous Information,,,,,
591,NMSC,Automobile Details,,,,,
592,NMSC,Term Deposit Details,,,,,
6000,NMSC,Penalty For RD. Debit,,,,,
6001,NMSC,Batch Open,,,,,
6002,NMSC,Branch Batch Close,,,,,
6005,NMSC,Branch Batch Confirm,,,,,
6006,NMSC,Search Electronic Journal,,,,,
6009,NMSC,Force Branch Batch Close,,,,,
6010,NMSC,View Teller Errors,,,,,
6101,NMSC,Cheque,,,,,
6102,NMSC,Inward Guaranteed Cheques,,,,,
6103,NMSC,Inward Direct Credits,,,,,
6104,NMSC,Stockinvest Payment,,,,,
6106,NMSC,Pension Warrant Paid,,,,,
6107,NMSC,Guaranteed Cheques,,,,,
6108,NMSC,Dividend Warrant Paid,,,,,
6201,NMSC,Cash Balancing,,,,,
6203,NMSC,TC Balancing,,,,,
6302,NMSC,Salary Employee Debit,,,,,
6303,NMSC,Salary Cheque Credit  BC,,,,,
6305,NMSC,Clearing Slips,,,,,
6310,NMSC,ODC. A/C.,,,,,
6311,NMSC,ODC. Walk In,,,,,
6312,NMSC,ODC. GL.,,,,,
6402,NMSC,Managers Cheques,,,,,
6403,NMSC,Inward Drafts,,,,,
6404,NMSC,Travellers Cheques,,,,,
6405,NMSC,SI. Instrument Payment,,,,,
6406,NMSC,SI. Instrument Cancel,,,,,
6407,NMSC,Inward Direct Credit GL.,,,,,
6409,NMSC,Direct Debit Note,,,,,
6503,NMSC,TD. Payin By BC.,,,,,
6504,NMSC,TD. Payin By DD.,,,,,
6505,NMSC,TD Cheque Deposited,,,,,
6510,NMSC,Dividend Payment Deposit,,,,,
6511,NMSC,Set. Kliring/Cons. Cheq Dep,,,,,
6512,NMSC,Set. Kliring/Cons. Cheq Batch ,,,,,
6513,NMSC,Consolidated Cheque Details Batch Entry,,,,,
6515,NMSC,Consol. TD. Cheque Deposit,,,,,
6516,NMSC,Consol. LN. Inst. Deposit,,,,,
6517,NMSC,Consol. LN. Payoff Deposit,,,,,
6519,NMSC,Consol. LN. Partial Payoff Deposit,,,,,
6520,NMSC,Set. Kliring/GL. Cheque Dep,,,,,
6530,NMSC,LN Installment By Local Cheque,,,,,
6532,NMSC,LN Partial Payoff Local Cheque,,,,,
6534,NMSC,LN. EFS. By Local Cheque,,,,,
6536,NMSC,LN. Advance Payment By Local Cheque,,,,,
6538,NMSC,Rev LN Installment By Local Cheque,,,,,
6559,NMSC,Online Cheque Return Inquiry,,,,,
6560,NMSC,Tolakan Masuk/Cheque Return,,,,,
6565,NMSC,ICC. Data Entry,,,,,
6566,NMSC,Setor Inkaso/OCC. Data Entry,,,,,
6575,NMSC,Bill Payment By Cheque,,,,,
6576,NMSC,Installment payment by Cheque,,,,,
6577,NMSC,Bill Payment By Cheque,,,,,
6578,NMSC,Rent Cheque Deposit ,,,,,
6607,NMSC,Postdated LN. Payoff,,,,,
6609,NMSC,Postdated LN. Partial Payoff,,,,,
6619,NMSC,Postdated Cheque Cancellation,,,,,
6630,NMSC,Postdated LN. Installment,,,,,
6632,NMSC,Postdated LN. Partial Payoff,,,,,
6634,NMSC,Postdated LN. Payoff,,,,,
6650,NMSC,Bill Outward Data Entry,,,,,
6651,NMSC,Bill Inward Data Entry,,,,,
6652,NMSC,Bill Modification,,,,,
6653,NMSC,Bill Realization,,,,,
6654,NMSC,Bill Dishonor,,,,,
6655,NMSC,Bill Protest,,,,,
6656,NMSC,Bill Stop Protest,,,,,
6657,NMSC,Bill Dispatch,,,,,
6658,NMSC,Bill IW. Realization,,,,,
6659,NMSC,Bill Inward Collection,,,,,
6701,NMSC,Cheque Purchased,,,,,
6710,NMSC,Dividend Payment Purchased,,,,,
6711,NMSC,Consol. Cheques Purchased,,,,,
6715,NMSC,Consol. TD. Cheque Purchased,,,,,
6716,NMSC,Consol. LN. Inst. Purchased,,,,,
6717,NMSC,Consol. LN. Payoff Purchased,,,,,
6719,NMSC,Consol. LN. Partial Payoff Purchased,,,,,
6730,NMSC,LN. Installment Purchased,,,,,
6801,NMSC,Outward Clearing Handoff File Generation,,,,,
6804,NMSC,Cash Deposit On External Account,,,,,
6806,NMSC,OCC. Operations,,,,,
6941,NMSC,Outward Direct Debit,,,,,
7002,NMSC,Balance Inquiry,,,,,
7004,NMSC,Customer Name And Address Inquiry,,,,,
7007,NMSC,Customer Name And Address Inquiry ,,,,,
7008,NMSC,Last Ten Transactions,,,,,
7009,NMSC,Backdated Refund of transaction,,,,,
7010,NMSC,Passbook Update Inquiry,,,,,
7011,NMSC,Event Log Inquiry,,,,,
7012,NMSC,Account No. Check Digit Inquiry,,,,,
7013,NMSC,Passbook Balance Check Digit Inquiry,,,,,
7015,NMSC,Teller Transactions Summary,,,,,
7017,NMSC,Batch Status Inquiry,,,,,
7018,NMSC,TD. Interest Payout Inquiry,,,,,
7019,NMSC,TD. Redemption Payout Inquiry,,,,,
7020,NMSC,TD. Balance Inquiry,,,,,
7021,NMSC,Passbook Balance Check Digit Inquiry,,,,,
7022,NMSC,LN. Installment Payment By Cash,,,,,
7023,NMSC,LN. Partial Payoff Inquiry.,,,,,
7024,NMSC,LN. Full Payoff Inquiry.,,,,,
7025,NMSC,LN. Refund Inquiry,,,,,
7026,NMSC,LN. Balance Inquiry,,,,,
7027,NMSC,Old New Account Number Inquiry,,,,,
7029,NMSC,Early Final Settlement Inquiry,,,,,
7030,NMSC,Passbook Issue/Lost Maintenance,,,,,
7031,NMSC,Cheque Withdrawal Blacklist,,,,,
7032,NMSC,LN. Disbursement Inquiry,,,,,
7033,NMSC,LN. Disbursement Inquiry,,,,,
7034,NMSC,LN. Disbursement Inquiry,,,,,
7035,NMSC,Loan Disbursement Inquiry,,,,,
7036,NMSC,LN. Rescission Inquiry,,,,,
7037,NMSC,Rev. LN. Debit Inquiry,,,,,
7038,NMSC,Rev. LN. Debit Inquiry,,,,,
7039,NMSC,Rev. LN. Debit Inquiry,,,,,
7040,NMSC,Teller Totals Position,,,,,
7041,NMSC,Branch Totals Position,,,,,
7042,NMSC,Loans Advance Payment Inquiry,,,,,
7043,NMSC,Rev. LN. Debit Inquiry,,,,,
7045,NMSC,Application Processing,,,,,
7048,NMSC,Loans Advance Future Payment Inquiry,,,,,
7050,NMSC,Old To New Account Inquiry,,,,,
7051,NMSC,Installment Payment Inquiry,,,,,
7052,NMSC,Dummy Credit For Conversion,,,,,
7053,NMSC,Dummy Debit For Conversion,,,,,
7056,NMSC,LN. Recovery of Repossessed Asset,,,,,
7062,NMSC,Rev LN. Installment Payment By Cash,,,,,
7071,NMSC,Close Out Balance Inquiry,,,,,
7072,NMSC,Flexible RD Redemption,,,,,
7100,NMSC,All Balance Inquiry,,,,,
7101,NMSC,IC. No.  Short Name Change,,,,,
7102,NMSC,Link Customer Image,,,,,
7103,NMSC,Unlink Customer Image,,,,,
7104,NMSC,Add Customer Image,,,,,
7105,NMSC,Customer Image Display,,,,,
7106,NMSC,Account Sign Display,,,,,
7107,NMSC,Add Account Operating Instructions,,,,,
7108,NMSC,Modify Account Operating Instructions,,,,,
7109,NMSC,Authorize Account Operating Instructions,,,,,
7110,NMSC,Cancel Account Operating Instructions,,,,,
7111,NMSC,Modify Customer Image,,,,,
7113,NMSC,Verify Customer Image,,,,,
7120,NMSC,Late Clearing Maintenance,,,,,
7122,NMSC,Cross Rate Inquiry,,,,,
7201,NMSC,TD. Redemption Inquiry,,,,,
7202,NMSC,TD. Renewal Inquiry,,,,,
7239,NMSC,File Upload/Download,,,,,
7301,NMSC,Close Out Balance Inquiry,,,,,
7400,NMSC,Customer Old X New Inquiry,,,,,
751,NMSC,Password Expiry Date,,,,,
752,NMSC,Reset Primary Password,,,,,
753,NMSC,Enable/Disable User,,,,,
755,NMSC,Modify Login Status,,,,,
7551,NMSC,Book Shortage,,,,,
7552,NMSC,Book Cash Overage,,,,,
756,NMSC,Password Expiry Date,,,,,
757,NMSC,Inquiry For Logged In Users,,,,,
758,NMSC,Inquiry For Password,,,,,
759,NMSC,User Profile Maintenance,,,,,
7601,NMSC,Voucher Entry. Credit,,,,,
7602,NMSC,Voucher Entry. Debit,,,,,
7603,NMSC,Depreciation Transaction,,,,,
7604,NMSC,PA. To NPA.  GL. Movement,,,,,
7605,NMSC,NPA. To PA. GL. Movement,,,,,
7606,NMSC,Trf Db Titipan/Future Trf Db,,,,,
7607,NMSC,Trf Cr Titipan/Future Trf Cr,,,,,
761,NMSC,System Prohibited Password,,,,,
7613,NMSC,MB Future Dated Internal,,,,,
7614,NMSC,MB Future Dated Zengin,,,,,
765,NMSC,Template Limit Maintenance,,,,,
766,NMSC,Password Expiry Date,,,,,
767,NMSC,Reset Secondary Password,,,,,
768,NMSC,Change Primary Password,,,,,
769,NMSC,Change Secondary Password,,,,,
7778,NMSC,Report Print One Teller,,,,,
7779,NMSC,Report Print All Tellers,,,,,
7780,NMSC,Report Cancel One Teller,,,,,
7781,NMSC,Report Cancel All Tellers,,,,,
7782,NMSC,Duplicate BC. Print,,,,,
7783,NMSC,Duplicate DD. Print,,,,,
7788,NMSC,Generate GL. Handoff Report,,,,,
7789,NMSC,DD. Inquiry,,,,,
7790,NMSC,BC. Inquiry,,,,,
7792,NMSC,BC. Liquidation Inquiry,,,,,
7793,NMSC,DD. Liquidation Inquiry,,,,,
7794,NMSC,TT. Liquidation Inquiry,,,,,
7795,NMSC,TT. Inquiry,,,,,
8003,NMSC,TC. Purchase Walk In Customer,,,,,
8004,NMSC,FX. Purchase Walk In Customer,,,,,
8005,NMSC,FX Prebooking ,,,,,
8051,NMSC,CASA. Account Opening,,,,,
8052,NMSC,CASA. Account Opening Inquiry,,,,,
8053,NMSC,Customer Addition,,,,,
8054,NMSC,TD. Account Opening,,,,,
8056,NMSC,CASA. Customer IC Generation,,,,,
8057,NMSC,SDB.Account Opening,,,,,
8081,NMSC,Contingent Entry,,,,,
8082,NMSC,Contingent Entry,,,,,
8203,NMSC,FX. Sale Walk In Customer,,,,,
8204,NMSC,TC. Sale Walk In Customer,,,,,
8205,NMSC,TC. Sale Against GL.,,,,,
8301,NMSC,BC. Sale  Against Cash,,,,,
8302,NMSC,BC. Sale  Against GL.,,,,,
8305,NMSC,DD. Sale  Against Cash,,,,,
8306,NMSC,DD. Sale  Against GL.,,,,,
8307,NMSC,BC. Liquidation By Cash,,,,,
8308,NMSC,BC. Liquidation By GL.,,,,,
8309,NMSC,BC. Liquidation Against Account,,,,,
8310,NMSC,DD. Liquidation By Cash,,,,,
8311,NMSC,DD. Liquidation By GL.,,,,,
8312,NMSC,DD. Liquidation Against Account,,,,,
8313,NMSC,Stockinvest Issue,,,,,
8314,NMSC,BC. Lost Status Update,,,,,
8315,NMSC,DD. Lost Status Update,,,,,
8316,NMSC,TT. Issue(Walk In),,,,,
8317,NMSC,TT. Issue GL.,,,,,
8318,NMSC,TT. A/C.,,,,,
8319,NMSC,TT. Liquidation (Walk In),,,,,
8320,NMSC,TT. Liquidation  Against GL.,,,,,
8321,NMSC,TT. Liquidation Against Account,,,,,
8322,NMSC,TT. Status Update,,,,,
8323,NMSC,Maintain DD.Details For Non CBS.Branches,,,,,
8324,NMSC,BC. Revalidation,,,,,
8325,NMSC,DD Revalidation,,,,,
8510,NMSC,LN. BTP. Addon Debit,,,,,
8511,NMSC,LN. BTP. Addon Credit,,,,,
8823,NMSC,DD From Non CBS. Reversal,,,,,
8888,NMSC,Profit Processing,,,,,
9000,NMSC,Outward Return Rejects,,,,,
9001,NMSC,Open Teller Batch,,,,,
9003,NMSC,Open Vault Batch,,,,,
9005,NMSC,Close Teller Batch,,,,,
9006,NMSC,Close Vault Batch,,,,,
9007,NMSC,Buy Cash From Vault,,,,,
9008,NMSC,Sell Cash To Vault,,,,,
9009,NMSC,Buy Cash From Central Bank,,,,,
9010,NMSC,Sell Cash To Central Bank,,,,,
9011,NMSC,Buy TC. From Agent,,,,,
9012,NMSC,Temporary Teller Batch Close,,,,,
9015,NMSC,Buy TC. From HO.,,,,,
9016,NMSC,Sell TC. To HO.,,,,,
9017,NMSC,Buy TC. From Vault,,,,,
9018,NMSC,Sell TC. To Vault,,,,,
9020,NMSC,Display TC. Available With Vault,,,,,
9103,NMSC,Direct Credit Returns,,,,,
9104,NMSC,Direct Debits Return,,,,,
9106,NMSC,Pension Warrant Return,,,,,
9108,NMSC,Dividend Warrant Return,,,,,
9201,NMSC,GL. Handoff,,,,,
9291,NMSC,Direct Credits Return,,,,,
9292,NMSC,Direct Debits Return,,,,,
9301,NMSC,Outward Direct Credit Return,,,,,
9402,NMSC,Bankers Cheque Return,,,,,
9403,NMSC,Drafts Return,,,,,
9503,NMSC,Inward Drafts Return,,,,,
9504,NMSC,Travellers Cheque Return,,,,,
9505,NMSC,TD. Cheque Return,,,,,
9506,NMSC,LN. Installment Cheque Return,,,,,
9507,NMSC,LN. EFS. Cheque Return,,,,,
9508,NMSC,Return OF Salary Cheque,,,,,
9509,NMSC,LN. Partial Payoff Cheque Return,,,,,
9520,NMSC,GL. Cheque Return,,,,,
9530,NMSC,Installment Local Cheque Return,,,,,
9531,NMSC,OCC. Cheque Return Installment Payment,,,,,
9532,NMSC,Partial Payoff Local Cheque Return,,,,,
9533,NMSC,Partial Payoff Cheque Return OCC,,,,,
9534,NMSC,LN. EFS. Local Cheque Return,,,,,
9535,NMSC,LN. EFS. Cheque Return OCC,,,,,
9536,NMSC,LN. Advance Pay. Local Return,,,,,
9537,NMSC,LN. Advance Pay. OCC. Return,,,,,
9538,NMSC,LN Rev Installment Local Cheque Return,,,,,
9540,NMSC,Pinj Lain2 Db/Misc LN Debit,,,,,
9575,NMSC,BILL PAY RETURN,,,,,
9730,NMSC,LN. Inst. Purchased Return,,,,,
9731,NMSC,LN. Inst. OCC. Purchase Return,,,,,
9732,NMSC,LN. Partial Purchase Return,,,,,
9733,NMSC,LN. Partial Payoff OCC Purchase Return,,,,,
9734,NMSC,LN. Payoff Purchase Return,,,,,
9735,NMSC,LN. Payoff OCC. Purchase Return,,,,,
9800,NMSC,Batch Document Print,,,,,
9805,NMSC,Outward Direct Debit Return,,,,,
9806,NMSC,TLK Ink/OCC. Ret,,,,,
9888,NMSC,Set Initial Cash Position,,,,,
9901,NMSC,TD. Deposit Certificate Printing,,,,,
9902,NMSC,TD. Duplicate Certificate Print,,,,,
9903,NMSC,SIV. Certificate Printing,,,,,
9941,NMSC,Outward Direct Debit Return,,,,,
9950,NMSC,Change Teller Station,,,,,
9953,NMSC,Release Work Station,,,,,
9954,NMSC,Get Work Station,,,,,
9990,NMSC,Standing Instruction Debit,,,,,
9991,NMSC,Standing Instruction Credit,,,,,
9992,NMSC,Standing Instruction Debit (Zengin),,,,,
9994,NMSC,Initiate Sync Operations,,,,,
9995,NMSC,LD Renewal Debit,,,,,
9996,NMSC,LD Renewal Credit,,,,,
9997,NMSC,Zengin Seikyu,,,,,
9998,NMSC,LN. Credit,,,,,
9999,NMSC,Temporary Teller Batch Close,,,,,
1600,NTAX,Casa Tax Refund,,,,,
1601,NTAX,Casa Tax Refund:GL. Xfer.,,,,,
1602,NTAX,Casa Tax Refund:Cash,,,,,
1603,NTAX,TD Tax Refund,,,,,
1604,NTAX,TD Tax Refund:GL. Xfer.,,,,,
1605,NTAX,TD Tax Refund:Cash,,,,,
3104,NTAX,Pajak Deposito/TD Tax Deducted,,,,,
3116,NTAX,Tax Recovery From TD. Principal,,,,,
3117,NTAX,Year End Tax Deduction,,,,,
3126,NTAX,TD Tax2 Deducted,,,,,
3128,NTAX,Tax2 Recovery From TD. Principal,,,,,
3129,NTAX,Year End Tax2 Deduction,,,,,
5006,NTAX,VAT. On SC.,,,,,
5008,NTAX,Debit Tax Deduction At Source,,,,,
5020,NTAX,Flexi RD Tax Deduction,,,,,
5028,NTAX,Debit Tax Deduction At Source,,,,,
1003,NTRF,Disbursement By Cash,,,,,
1004,NTRF,Cash Withdrawal From Ext.A/C.,,,,,
1005,NTRF,Miscellaneous GL. Xfer.,,,,,
1006,NTRF,PB Debit/Funds Trf Db,,,,,
1008,NTRF,Lain2 Db/Misc Cust Debit,,,,,
1015,NTRF,Funds Transfer Debit NoCOT.,,,,,
1091,NTRF,CASA TO CASA Value Dated Funds Transfer,,,,,
1092,NTRF,CASA TO GL Value Dated Funds Transfer,,,,,
1093,NTRF,GL TO CASA Value Dated Funds Transfer,,,,,
1094,NTRF,GL TO GL Value Dated Funds Transfer,,,,,
1095,NTRF,CASA TO CASA Value Dated Funds Transfer,,,,,
1401,NTRF,Setor tunai/Cash Deposit,,,,,
1423,NTRF,Installment Pay. By Transfer From GL.,,,,,
1424,NTRF,Installment Pay. transfer from CASA.,,,,,
1434,NTRF,RD Insurance Transfer DR,,,,,
1435,NTRF,RD Insurance Transfer CR,,,,,
1702,NTRF,Funds Xfer. Credit (OLTP.),,,,,
1710,NTRF,Rent Funds Transfer ,,,,,
1720,NTRF,Closeout Withdrawal By Funds Transfer,,,,,
1801,NTRF,OBU CASA Funds Transfer Request,,,,,
1804,NTRF,OBU Miscellaneous GL Transfer,,,,,
1908,NTRF,Cross Cost Center MSC,,,,,
2033,NTRF,OUTGOING RTGS CONVENTIONAL,,,,,
2034,NTRF,OUTGOING RTGS SYARIAH,,,,,
2035,NTRF,OUTGOING SKN CONVENTIONAL,,,,,
2036,NTRF,OUTGOING SKN SYARIAH,,,,,
2040,NTRF,Outgoing Payment IDR,,,,,
2041,NTRF,Outgoing Payment Initiation (Against GL),,,,,
2042,NTRF,Outgoing Payment Initiation (CASH),,,,,
2044,NTRF,Payments Transaction - Outgoing Payments via GEFU,,,,,
2045,NTRF,Payments Transaction - Outgoing Direct Debit via GEFU,,,,,
2046,NTRF,Payments Transaction - Outgoing Request for Direct Debit via GEFU,,,,,
2047,NTRF,Incoming Payment Flow,,,,,
2205,NTRF,ATM. Funds Xfer. Credit.On Us,,,,,
2209,NTRF,ATM. Payments Credit.On Us,,,,,
2210,NTRF,ATM. Transfer By POS. Debit.On Us,,,,,
2211,NTRF,ATM. Transfer By POS. Credit.On Us,,,,,
2212,NTRF,Intra Bank fund transfer over IVR,,,,,
2223,NTRF,Intra Bank fund transfer over Mobile,,,,,
2224,NTRF,ATM. ORFT. Debit.On Us,,,,,
2225,NTRF,ATM. ORFT. Credit.On Us,,,,,
2226,NTRF,ATM. ORFT. Debit On Us DR,,,,,
2227,NTRF,ATM.ORFT Credit On Us CR,,,,,
2228,NTRF,ATM.Bill Payment Debit.On Us,,,,,
2236,NTRF,EDC. Cash Deposit.On Us,,,,,
2250,NTRF,ATM. Cash Deposit.On Us,,,,,
2251,NTRF,ATM. Cheque Deposit.On Us,,,,,
2267,NTRF,ATM. Cash Withdrawal Remote Onus PRIMA,,,,,
2269,NTRF,ATM. Intra Bank Funds Transfer Remote onus debit PRIMA,,,,,
2270,NTRF,ATM. Intra Bank Funds Transfer Remote onus credit PRIMA,,,,,
2271,NTRF,ATM. Inter Bank Funds Transfer Remote onus debit PRIMA,,,,,
2272,NTRF,ATM. Inter Bank Funds Transfer Remote onus credit PRIMA,,,,,
2273,NTRF,ATM. Inter Bank Funds Transfer debit onus PRIMA,,,,,
2274,NTRF,ATM. Inter Bank Funds Transfer credit onus PRIMA,,,,,
2289,NTRF,ATM. Intra Bank Funds Transfer Remote onus debit ALTO,,,,,
2290,NTRF,ATM. Intra Bank Funds Transfer Remote onus debit CIRRUS,,,,,
2291,NTRF,ATM. Intra Bank Funds Transfer Remote onus debit BERSAMA,,,,,
2292,NTRF,ATM. Intra Bank Funds Transfer Remote onus credit ALTO,,,,,
2293,NTRF,ATM. Intra Bank Funds Transfer Remote onus credit CIRRUS,,,,,
2294,NTRF,ATM. Intra Bank Funds Transfer Remote onus credit BERSAMA,,,,,
2295,NTRF,ATM. Inter Bank Funds Transfer Remote onus debit ALTO,,,,,
2296,NTRF,ATM. Inter Bank Funds Transfer Remote onus debit CIRRUS,,,,,
2297,NTRF,ATM. Inter Bank Funds Transfer Remote onus debit BERSAMA,,,,,
2298,NTRF,ATM. Inter Bank Funds Transfer Remote onus credit ALTO,,,,,
2299,NTRF,ATM. Inter Bank Funds Transfer Remote onus credit CIRRUS,,,,,
2300,NTRF,ATM. Inter Bank Funds Transfer onus credit BERSAMA,,,,,
2304,NTRF,ATM. Funds Xfer. Debit.Remote On Us,,,,,
2305,NTRF,ATM. Funds Xfer. Credit.Remote On Us,,,,,
2308,NTRF,ATM. Payments Debit.Remote On Us,,,,,
2309,NTRF,ATM. Payments Credit.Remote On Us,,,,,
2310,NTRF,ATM. Transfer By POS. Debit.Remote On Us,,,,,
2311,NTRF,ATM. Inter Bank Funds Transfer debit onus ALTO,,,,,
2314,NTRF,ATM. Inter Bank Funds Transfer debit onus CIRRUS,,,,,
2315,NTRF,ATM. Inter Bank Funds Transfer debit onus BERSAMA,,,,,
2316,NTRF,ATM. Inter Bank Funds Transfer credit onus ALTO,,,,,
2317,NTRF,ATM. Inter Bank Funds Transfer credit onus CIRRUS,,,,,
2318,NTRF,ATM. Inter Bank Funds Transfer credit onus BERSAMA,,,,,
2355,NTRF,ATM. Intra Bank Funds Transfer Remote onus debit MASTER,,,,,
2356,NTRF,ATM. Intra Bank Funds Transfer Remote onus credit MASTER,,,,,
2357,NTRF,ATM. Inter Bank Funds Transfer Remote onus debit MASTER,,,,,
2358,NTRF,ATM. Inter Bank Funds Transfer Remote onus credit MASTER,,,,,
2359,NTRF,ATM. Inter Bank Funds Transfer debit onus MASTER,,,,,
2360,NTRF,ATM. Inter Bank Funds Transfer credit onus MASTER,,,,,
2363,NTRF,ATM. Intra Bank Funds Transfer Remote onus debit VisaPLUS,,,,,
2364,NTRF,ATM. Intra Bank Funds Transfer Remote onus credit VisaPLUS,,,,,
2365,NTRF,ATM. Inter Bank Funds Transfer Remote onus debit VisaPLUS,,,,,
2366,NTRF,ATM. Inter Bank Funds Transfer Remote onus credit VisaPLUS,,,,,
2367,NTRF,ATM. Inter Bank Funds Transfer debit onus VisaPLUS,,,,,
2368,NTRF,ATM. Inter Bank Funds Transfer credit onus VisaPLUS,,,,,
2401,NTRF,third-party transfer/fund transfer-In,,,,,
2450,NTRF,ZNG XFER SC,,,,,
2451,NTRF,IB Zengin Transfer,,,,,
2452,NTRF,BO Zengin Transfer,,,,,
2453,NTRF,MB Zengin Transfer,,,,,
2510,NTRF,Unclaimed Deposit Transfer,,,,,
2513,NTRF,Sundry Creditors Transfer,,,,,
2603,NTRF,TBS. Funds Transfer Debit,,,,,
2604,NTRF,TBS. Funds Transfer Credit,,,,,
2624,NTRF,FundTransferIntraBank,,,,,
2626,NTRF,CashAtWorkFundTransferIntraBank,,,,,
2639,NTRF,REVERSAL FUNDS TRANSFER INTRA BANK,,,,,
2640,NTRF,TransferFundsIntraBank,,,,,
2641,NTRF,TransferFundsIntraBank,,,,,
2642,NTRF,ISOTransferFundsIntraBank,,,,,
2643,NTRF,IVRFundTransferDebitLeg,,,,,
2644,NTRF,IVRISOFundTransferDebitLeg,,,,,
2645,NTRF,GEFU Funds Transfer Debit,,,,,
2646,NTRF,GEFU Miscellaneous GL. Xfer.,,,,,
2647,NTRF,GEFU Miscellaneous Customer Debit,,,,,
2648,NTRF,GEFU Miscellaneous Customer Credit,,,,,
2652,NTRF,ISOTransferFundsCreditLegIVR,,,,,
2653,NTRF,TransferFundsCreditLegCAW,,,,,
2654,NTRF,Funds Xfer. Credit (GEFU.),,,,,
2655,NTRF,ISOMiscellaneousCustomerCreditIVR,,,,,
2656,NTRF,MiscellaneousCustomerCreditCAW,,,,,
2657,NTRF,GEFU GL. Miscellaneous Debit,,,,,
2658,NTRF,GEFU GL. Miscellaneous Credit,,,,,
2659,NTRF,Installment Pay. By Transfer From GL.,,,,,
2670,NTRF,IB Funds Transfer,,,,,
2771,NTRF,ATM. Inter Bank Funds Transfer Remote onus debit PRIMA MSC,,,,,
2773,NTRF,ATM. Inter Bank Funds Transfer debit onus PRIMA MSC,,,,,
2795,NTRF,ATM. Inter Bank Funds Transfer Remote onus debit ALTO MSC,,,,,
2797,NTRF,ATM. Inter Bank Funds Transfer Remote onus debit BERSAMA MSC,,,,,
2801,NTRF,Trust Subscription Transfer Debit,,,,,
2802,NTRF,Trust Subscription Transfer Credit,,,,,
2811,NTRF,ATM. Inter Bank Funds Transfer debit onus ALTO MSC,,,,,
2815,NTRF,ATM. Inter Bank Funds Transfer debit onus BERSAMA MSC,,,,,
2857,NTRF,ATM. Inter Bank Funds Transfer Remote onus debit MASTER MSC,,,,,
2859,NTRF,ATM. Inter Bank Funds Transfer debit onus MASTER MSC,,,,,
2903,NTRF,IB. Funds Transfer Debit,,,,,
2904,NTRF,IB. Funds Transfer Credit,,,,,
2952,NTRF,MB Funds Transfer Debit,,,,,
2953,NTRF,MB Funds Transfer Credit,,,,,
3032,NTRF,Incoming Payment Rev,,,,,
4513,NTRF,Transfer To Loan,,,,,
4514,NTRF,CASA Int Transfer To Loan,,,,,
4515,NTRF,CASA Sweep Out To Loan,,,,,
4520,NTRF,LN. NF. Transfer Out Credit,,,,,
4521,NTRF,LN. NF. Transfer Out Debit,,,,,
5000,NTRF,Matured RD. Transfer Credit,,,,,
5521,NTRF,Tarik Kliring/Inward Clearing,,,,,
6291,NTRF,Inward Direct Credit,,,,,
6292,NTRF,Inward Direct Debit,,,,,
6301,NTRF,Outward Direct Credit,,,,,
6521,NTRF,Outward Direct Credit,,,,,
6522,NTRF,Outward Direct Debit,,,,,
7608,NTRF,Future Dated Credit,,,,,
7609,NTRF,Future Dated GL. Debit,,,,,
7610,NTRF,IB Future Dated Internal,,,,,
7611,NTRF,Future Dated Batch Transactions,,,,,
7612,NTRF,Future Dated Funds Transfer Debit (Zengin),,,,,
9014,NTRF,Vault Teller Balance Transfer,,,,,
9019,NTRF,Transfer Stocks,,,,,
9900,NTRF,FCN. Transaction,,,,,
9910,NTRF,Sweep Out Credit,,,,,
9911,NTRF,Sweep Out Debit,,,,,
